NOMBRE,
JOSE,
JUAN,
LUIS,
MANUEL,
ANTONIO,
JESUS,
CARLOS,
FRANCISCO,
ALBERTO,
JORGE,
MIGUEL,
ANGEL,
JAVIER,
ALEJANDRO,
ENRIQUE,
VICTOR,
ARTURO,
CESAR,
FERNANDO,
PEDRO,
MARTIN,
ROBERTO,
EDUARDO,
MARIO,
ARMANDO,
SERGIO,
RAUL,
ALFREDO,
RAFAEL,
RICARDO,
HECTOR,
OSCAR,
GERARDO,
DAVID,
DANIEL,
HUGO,
JAIME,
JULIO,
RUBEN,
RAMON,
MARCO,
GABRIEL,
EDGAR,
GUADALUPE,
ALFONSO,
GUILLERMO,
SALVADOR,
OMAR,
IVAN,
HUMBERTO,
FELIPE,
ERNESTO,
PABLO,
IGNACIO,
GUSTAVO,
ANDRES,
ADRIAN,
JOEL,
AGUSTIN,
RODOLFO,
GILBERTO,
ROGELIO,
RENE,
TOMAS,
SAUL,
ISRAEL,
OCTAVIO,
VICENTE,
NOE,
GREGORIO,
ISMAEL,
NICOLAS,
BENJAMIN,
MOISES,
SANTIAGO,
EFRAIN,
ALONSO,
ABEL,
JOSE DE JESUS,
ALVARO,
FELIX,
MARCOS,
ADOLFO,
RODRIGO,
RAMIRO,
SAMUEL,
JOAQUIN,
ABRAHAM,
ESTEBAN,
ULISES,
RAYMUNDO,
FIDEL,
LORENZO,
GERMAN,
MAURICIO,
LEONARDO,
JOSUE,
EMMANUEL,
JULIAN,
SANTOS,
ROMAN,
CRUZ,
DOMINGO,
BERNARDO,
EMILIO,
ISIDRO,
FELIPE DE JESUS,
AURELIO,
DIEGO,
FEDERICO,
GONZALO,
RIGOBERTO,
BENITO,
MARIA,
ISAAC,
ADAN,
GENARO,
ELIAS,
AARON,
ORLANDO,
LEONEL,
EFREN,
ISAIAS,
HERIBERTO,
ROLANDO,
HORACIO,
FABIAN,
REYNALDO,
EUGENIO,
TRINIDAD,
MARCELINO,
URIEL,
AUGUSTO,
ELEAZAR,
EDMUNDO,
ERICK,
ERIK,
EZEQUIEL,
REYES,
FERMIN,
CHRISTIAN,
MARGARITO,
NESTOR,
VALENTIN,
LEOPOLDO,
ELOY,
CUAUHTEMOC,
EVERARDO,
ARNULFO,
LUCIO,
ARIEL,
DARIO,
DELFINO,
FLORENCIO,
EUSEBIO,
FAUSTINO,
ELISEO,
OSWALDO,
AMADO,
LEOBARDO,
ARTEMIO,
MISAEL,
NORBERTO,
MANUEL DE JESUS,
ADALBERTO,
MARIANO,
HILARIO,
CRISTOBAL,
FILIBERTO,
SALOMON,
NOEL,
ALDO,
LAZARO,
PASCUAL,
MAURO,
EDGARDO,
MARCELO,
FAUSTO,
HOMERO,
JONATHAN,
ERIC,
CARMEN,
SIMON,
VLADIMIR,
ABELARDO,
ERASMO,
CLEMENTE,
SEBASTIAN,
MAXIMINO,
OSVALDO,
PORFIRIO,
FELICIANO,
ISABEL,
FLORENTINO,
CLAUDIO,
SILVESTRE,
HIPOLITO,
JACINTO,
LUCIANO,
DEMETRIO,
APOLINAR,
JUSTINO,
CRISTIAN,
JUAN DE DIOS,
CIRILO,
REY,
ALAN,
UBALDO,
BALTAZAR,
DAMIAN,
HERNAN,
MODESTO,
ANSELMO,
FREDY,
CANDIDO,
GILDARDO,
CONSTANTINO,
ROSARIO,
BERNABE,
GABINO,
CECILIO,
REFUGIO,
CANDELARIO,
EDWIN,
ROSENDO,
GAMALIEL,
ROGER,
EVARISTO,
MATEO,
VIRGILIO,
ELIGIO,
LENIN,
EMILIANO,
PATRICIO,
AURELIANO,
JUVENTINO,
TEODORO,
CONCEPCION,
JERONIMO,
JACOBO,
ARISTEO,
ROSALIO,
DAGOBERTO,
MILTON,
ARNOLDO,
SABINO,
WILBERT,
BERNARDINO,
MAXIMO,
FORTINO,